snr_db,mse,psnr
0.0,231.4700645263672,24.930075244140625
5.0,140.97934477539062,27.07818095703125
10.0,82.82462218017578,29.430848989868164
20.0,55.819137384033205,31.334380670166016
